username,password
testuser1,1234
testuser2,1234
testuser3,1234
testuser4,1234
testuser5,1234
testuser6,1234
testuser7,1234
testuser8,1234
testuser9,1234
testuser10,1234
testuser11,1234
testuser12,1234
testuser13,1234
testuser14,1234
testuser15,1234
testuser16,1234
testuser17,1234
testuser18,1234
testuser19,1234
testuser20,1234
testuser21,1234
testuser22,1234
testuser23,1234
testuser24,1234
testuser25,1234
testuser26,1234
testuser27,1234
testuser28,1234
testuser29,1234
testuser30,1234
testuser31,1234
testuser32,1234
testuser33,1234
testuser34,1234
testuser35,1234
testuser36,1234
testuser37,1234
testuser38,1234
testuser39,1234
testuser40,1234
testuser41,1234
testuser42,1234
testuser43,1234
testuser44,1234
testuser45,1234
testuser46,1234
testuser47,1234
testuser48,1234
testuser49,1234
testuser50,1234
testuser51,1234
testuser52,1234
testuser53,1234
testuser54,1234
testuser55,1234
testuser56,1234
testuser57,1234
testuser58,1234
testuser59,1234
testuser60,1234
testuser61,1234
testuser62,1234
testuser63,1234
testuser64,1234
testuser65,1234
testuser66,1234
testuser67,1234
testuser68,1234
testuser69,1234
testuser70,1234
testuser71,1234
testuser72,1234
testuser73,1234
testuser74,1234
testuser75,1234
testuser76,1234
testuser77,1234
testuser78,1234
testuser79,1234
testuser80,1234
testuser81,1234
testuser82,1234
testuser83,1234
testuser84,1234
testuser85,1234
testuser86,1234
testuser87,1234
testuser88,1234
testuser89,1234
testuser90,1234
